{"name": "\u738b\u5927\u7237", "age": 48, "sex": "\u7537", "sharpness": 52585892.0, "complexity": 0.5919480310816079, "blob_number": 2, "blob_square": 0.00010286554004408523, "vcdr": 0.9963325827869808, "ratio": 0.18835467190784858, "scale": 0.4228176504680048, "curature": 0.6473223406176173, "vein_lightness": 0.14682062276903807}