{"name": "\u738b\u5927\u7237", "age": 48, "sex": "\u7537", "sharpness": [24390711.0, 1], "complexity": [0.7881023660816916, 0], "blob_number": [4, 0], "blob_square": [0.005557710469508904, 0], "vcdr": [0.4315188172043011, 0], "ratio": [0.10676268192830743, 0], "scale": [0.39379884956606753, 0], "curature": [0.6446560363244475, 0], "vein_lightness": [0.07064448123690326, 0], "KNN_pred": "moderate non proliferative retinopathy"}