{"line_label": ["\u6b63\u5e38", "\u7cd6\u5c3f\u75c5", "\u9752\u5149\u773c", "\u767d\u5185\u969c", "AMD", "\u9ad8\u8840\u538b", "\u8fd1\u89c6", "\u5176\u4ed6"], "line_young": [0.39035087719298206, 0.29824561403508804, 0.0482456140350877, 0.0263157894736842, 0.0263157894736842, 0.0175438596491228, 0.087719298245614, 0.21052631578947398], "line_middle": [0.339046822742475, 0.355351170568562, 0.0451505016722408, 0.0380434782608696, 0.0409698996655518, 0.0367892976588629, 0.0376254180602007, 0.278010033444816], "line_old": [0.272727272727273, 0.23863636363636398, 0.10909090909090899, 0.130681818181818, 0.0681818181818182, 0.0125, 0.0727272727272727, 0.302272727272727]}