{"N_pred": 0.402759313583374, "D_pred": 0.5057259798049927, "G_pred": 0.0019131118897348642, "C_pred": 0.005924501456320286, "A_pred": 0.05658305808901787, "H_pred": 0.023178953677415848, "M_pred": 0.003915066365152597}