{"0": {"correlation": [0.9586806006601505, 0.8695998805342127, 0.7864676242531504], "homogeneity": [0.8828941153275327, 0.8267517785318134, 0.7997664484147814], "ASM": [0.6211053394235606, 0.5965580731420292, 0.5740583606247429], "energy": [0.7881023660816916, 0.7723717195379627, 0.7576663913786482], "dissimilarity": [2.287388728013726, 6.846616195820436, 10.957978383080286], "contrast": [293.6857330544828, 928.4571311346169, 1523.8979149593104]}, "1/4Pi": {"correlation": [0.963071371986622, 0.8539663798969184, 0.7911470194954211], "homogeneity": [0.893975697881208, 0.8199715697401648, 0.7986719001679613], "ASM": [0.6218343489113204, 0.590118895886526, 0.5718662174304475], "energy": [0.788564739835177, 0.7681919655180768, 0.7562183662345471], "dissimilarity": [2.0656591108547486, 7.758733482263568, 10.93626129028108], "contrast": [262.5154263220617, 1041.87647728814, 1495.465984682201]}, "1/2Pi": {"correlation": [0.955160827934963, 0.8639955722398455, 0.7841097138959527], "homogeneity": [0.8770182336463633, 0.8234547955572675, 0.7973943853779163], "ASM": [0.6195113814070008, 0.5931357596513157, 0.5699409838019297], "energy": [0.7870904531291183, 0.770153075467024, 0.754944358083382], "dissimilarity": [2.5295530055934665, 7.259842000430677, 11.313198140215754], "contrast": [318.79551306810885, 969.4844010192373, 1544.3130259713573]}, "3/4Pi": {"correlation": [0.9627810072337644, 0.8519678789018991, 0.7885975231584418], "homogeneity": [0.8940552538259602, 0.8208183412335062, 0.7993124640836663], "ASM": [0.6218159949693743, 0.5900114641013677, 0.5717531446713604], "energy": [0.7885531021874014, 0.7681220372449731, 0.7561436005623273], "dissimilarity": [2.075949955493791, 7.809683249301847, 10.996716067440534], "contrast": [264.57954922578347, 1056.1347773636853, 1513.7213384761217]}}