{"0": {"correlation": [0.8455920791702312, 0.5696579784762026, 0.41381760775639365], "homogeneity": [0.9313918873364524, 0.897436718815657, 0.8815618525111416], "ASM": [0.824133719992183, 0.7876299639287452, 0.7656841768052574], "energy": [0.9078181095308592, 0.887485190822216, 0.8750338146639005], "dissimilarity": [2.6123854012742904, 7.175922342621248, 9.783599960381366], "contrast": [281.2492901631792, 785.5152421836175, 1073.0054827083814]}, "1/4Pi": {"correlation": [0.86753791384312, 0.5330371858752796, 0.398907737821173], "homogeneity": [0.9375751663921078, 0.8937227418275666, 0.8799234923204617], "ASM": [0.8268753442825337, 0.7824449794169018, 0.763388342486024], "energy": [0.9093268632799395, 0.8845592006287096, 0.8737209751894618], "dissimilarity": [2.2352861254355836, 7.783773386425448, 10.042116441270753], "contrast": [241.30392011779944, 854.1639278579522, 1104.0332911544886]}, "1/2Pi": {"correlation": [0.8414877555947344, 0.5596596965062376, 0.3938085723301353], "homogeneity": [0.9302358524877631, 0.8958625940863533, 0.87870808844025], "ASM": [0.8233651730072653, 0.7853918585728679, 0.7615144714809281], "energy": [0.907394717312849, 0.8862233683292648, 0.8726479653794696], "dissimilarity": [2.7020146755921743, 7.39162158995256, 10.20059147040367], "contrast": [288.79301995524514, 804.5172461276275, 1111.6727188428497]}, "3/4Pi": {"correlation": [0.8678249750563639, 0.5409520658271724, 0.41048514302448996], "homogeneity": [0.9376731656425294, 0.8944467856867613, 0.8804343196136519], "ASM": [0.8268435417807986, 0.7828525661003225, 0.7636358500629917], "energy": [0.9093093762745431, 0.8847895603477262, 0.8738626036528807], "dissimilarity": [2.2380181764622127, 7.679979998675103, 9.918942456845194], "contrast": [240.78098560816537, 839.6861049055939, 1082.7689336275498]}}